{
    "micro_IoU": 0.7153460601189704,
    "micro_Precision": 0.8340545115069743,
    "micro_Recall": 0.8340545115069743,
    "micro_F1-score": 0.8340545115069743,
    "MACRO_IoU": 0.631033512873335,
    "MACRO_Precision": 0.7767967039929844,
    "MACRO_Recall": 0.7423873095319828,
    "MACRO_F1-score": 0.7569979870501691,
    "Accuracy": 0.8340545115069743
}